{"note":"This file is an internal implementation detail to speed up HTML report generation. Its format can change at any time. You might be looking for the JSON report: https://coverage.rtfd.io/cmd.html#cmd-json","format":2,"version":"7.4.1","globals":"cf03348d828ee96ff2f8f4ee7e0073b9","files":{"d_7fbfa097eba81ef8__jb_pytest_runner_py":{"hash":"80cea29f0fb649d84e39da82bc83d9a1","index":{"nums":[0,1,33,0,3,17,7,7],"html_filename":"d_7fbfa097eba81ef8__jb_pytest_runner_py.html","relative_filename":"C:\\Program Files\\JetBrains\\PyCharm 2022.2.3\\plugins\\python\\helpers\\pycharm\\_jb_pytest_runner.py"}},"d_7fbfa097eba81ef8__jb_runner_tools_py":{"hash":"5620b0c90f8be4c1beaefe384c4d7e8b","index":{"nums":[0,1,173,0,48,50,10,18],"html_filename":"d_7fbfa097eba81ef8__jb_runner_tools_py.html","relative_filename":"C:\\Program Files\\JetBrains\\PyCharm 2022.2.3\\plugins\\python\\helpers\\pycharm\\_jb_runner_tools.py"}},"d_7fbfa097eba81ef8__jb_serial_tree_manager_py":{"hash":"2eb0b50a8f7987f4349097347bd7cae1","index":{"nums":[0,1,57,0,8,26,8,10],"html_filename":"d_7fbfa097eba81ef8__jb_serial_tree_manager_py.html","relative_filename":"C:\\Program Files\\JetBrains\\PyCharm 2022.2.3\\plugins\\python\\helpers\\pycharm\\_jb_serial_tree_manager.py"}},"d_7fbfa097eba81ef8__jb_utils_py":{"hash":"2add75df7a690b1187ca5585a5edf602","index":{"nums":[0,1,71,0,34,18,0,16],"html_filename":"d_7fbfa097eba81ef8__jb_utils_py.html","relative_filename":"C:\\Program Files\\JetBrains\\PyCharm 2022.2.3\\plugins\\python\\helpers\\pycharm\\_jb_utils.py"}},"d_d13a183625bedd83___init___py":{"hash":"512816c191364c99970273059f25519f","index":{"nums":[0,1,6,0,0,0,0,0],"html_filename":"d_d13a183625bedd83___init___py.html","relative_filename":"C:\\Program Files\\JetBrains\\PyCharm 2022.2.3\\plugins\\python\\helpers\\pycharm\\teamcity\\__init__.py"}},"d_d13a183625bedd83_common_py":{"hash":"34abbd46a99d3a285b33fe9c632aa23c","index":{"nums":[0,1,98,0,60,43,3,34],"html_filename":"d_d13a183625bedd83_common_py.html","relative_filename":"C:\\Program Files\\JetBrains\\PyCharm 2022.2.3\\plugins\\python\\helpers\\pycharm\\teamcity\\common.py"}},"d_d13a183625bedd83_diff_tools_py":{"hash":"8bb9add12125a7a1618417cf33ed948b","index":{"nums":[0,1,62,0,36,17,2,15],"html_filename":"d_d13a183625bedd83_diff_tools_py.html","relative_filename":"C:\\Program Files\\JetBrains\\PyCharm 2022.2.3\\plugins\\python\\helpers\\pycharm\\teamcity\\diff_tools.py"}},"d_d13a183625bedd83_jb_local_exc_store_py":{"hash":"3e439f1b643cee20f1aa5c647dbeb536","index":{"nums":[0,1,11,0,3,0,0,0],"html_filename":"d_d13a183625bedd83_jb_local_exc_store_py.html","relative_filename":"C:\\Program Files\\JetBrains\\PyCharm 2022.2.3\\plugins\\python\\helpers\\pycharm\\teamcity\\jb_local_exc_store.py"}},"d_d13a183625bedd83_messages_py":{"hash":"65b1eb38e220258edb7fb3749b803de3","index":{"nums":[0,1,154,0,58,30,9,15],"html_filename":"d_d13a183625bedd83_messages_py.html","relative_filename":"C:\\Program Files\\JetBrains\\PyCharm 2022.2.3\\plugins\\python\\helpers\\pycharm\\teamcity\\messages.py"}},"d_d13a183625bedd83_pytest_plugin_py":{"hash":"af3ab7835f4a0800ceedcc68f3c140b5","index":{"nums":[0,1,294,0,123,124,32,68],"html_filename":"d_d13a183625bedd83_pytest_plugin_py.html","relative_filename":"C:\\Program Files\\JetBrains\\PyCharm 2022.2.3\\plugins\\python\\helpers\\pycharm\\teamcity\\pytest_plugin.py"}},"d_a69a5051982637ba___init___py":{"hash":"dc7bd2324806493438ac99d3c5227de6","index":{"nums":[0,1,68,0,25,12,5,7],"html_filename":"d_a69a5051982637ba___init___py.html","relative_filename":"C:\\Users\\hisha\\POLYMTL\\HIVER 2024\\LOG3430\\TP\\requests\\src\\requests\\__init__.py"}},"d_a69a5051982637ba___version___py":{"hash":"ae64eb0e20347455a87a9a312c374cb2","index":{"nums":[0,1,10,0,0,0,0,0],"html_filename":"d_a69a5051982637ba___version___py.html","relative_filename":"C:\\Users\\hisha\\POLYMTL\\HIVER 2024\\LOG3430\\TP\\requests\\src\\requests\\__version__.py"}},"d_a69a5051982637ba__internal_utils_py":{"hash":"ef873cd5481612fe2504d0dff3392ada","index":{"nums":[0,1,21,0,0,2,0,0],"html_filename":"d_a69a5051982637ba__internal_utils_py.html","relative_filename":"C:\\Users\\hisha\\POLYMTL\\HIVER 2024\\LOG3430\\TP\\requests\\src\\requests\\_internal_utils.py"}},"d_a69a5051982637ba_adapters_py":{"hash":"2cf870cd471545ee09f606daedf2b294","index":{"nums":[0,1,194,0,12,70,7,7],"html_filename":"d_a69a5051982637ba_adapters_py.html","relative_filename":"C:\\Users\\hisha\\POLYMTL\\HIVER 2024\\LOG3430\\TP\\requests\\src\\requests\\adapters.py"}},"d_a69a5051982637ba_api_py":{"hash":"7a1ed1892a652f0bae79ca292a752ca2","index":{"nums":[0,1,19,0,3,2,0,0],"html_filename":"d_a69a5051982637ba_api_py.html","relative_filename":"C:\\Users\\hisha\\POLYMTL\\HIVER 2024\\LOG3430\\TP\\requests\\src\\requests\\api.py"}},"d_a69a5051982637ba_auth_py":{"hash":"609602279b1d663f44998762b5579625","index":{"nums":[0,1,173,0,21,60,15,17],"html_filename":"d_a69a5051982637ba_auth_py.html","relative_filename":"C:\\Users\\hisha\\POLYMTL\\HIVER 2024\\LOG3430\\TP\\requests\\src\\requests\\auth.py"}},"d_a69a5051982637ba_certs_py":{"hash":"38e552dd5c8302e47b722f6c94386def","index":{"nums":[0,1,4,0,1,2,1,1],"html_filename":"d_a69a5051982637ba_certs_py.html","relative_filename":"C:\\Users\\hisha\\POLYMTL\\HIVER 2024\\LOG3430\\TP\\requests\\src\\requests\\certs.py"}},"d_a69a5051982637ba_compat_py":{"hash":"e6075a612eec9110a072ac63b55cc2d5","index":{"nums":[0,1,30,0,2,2,1,1],"html_filename":"d_a69a5051982637ba_compat_py.html","relative_filename":"C:\\Users\\hisha\\POLYMTL\\HIVER 2024\\LOG3430\\TP\\requests\\src\\requests\\compat.py"}},"d_a69a5051982637ba_cookies_py":{"hash":"48af1c48317fe4820b23b1ad1e6c1ec8","index":{"nums":[0,1,239,0,53,98,9,43],"html_filename":"d_a69a5051982637ba_cookies_py.html","relative_filename":"C:\\Users\\hisha\\POLYMTL\\HIVER 2024\\LOG3430\\TP\\requests\\src\\requests\\cookies.py"}},"d_a69a5051982637ba_exceptions_py":{"hash":"d3ea5902fd57d17f294ac7fccb83e1e3","index":{"nums":[0,1,37,0,0,2,0,0],"html_filename":"d_a69a5051982637ba_exceptions_py.html","relative_filename":"C:\\Users\\hisha\\POLYMTL\\HIVER 2024\\LOG3430\\TP\\requests\\src\\requests\\exceptions.py"}},"d_a69a5051982637ba_help_py":{"hash":"1d2de66707e86bdd032f71ab9db4e45b","index":{"nums":[0,1,62,0,19,18,5,13],"html_filename":"d_a69a5051982637ba_help_py.html","relative_filename":"C:\\Users\\hisha\\POLYMTL\\HIVER 2024\\LOG3430\\TP\\requests\\src\\requests\\help.py"}},"d_a69a5051982637ba_hooks_py":{"hash":"bb40111e05fc59c11851777e3c199912","index":{"nums":[0,1,14,0,0,10,0,0],"html_filename":"d_a69a5051982637ba_hooks_py.html","relative_filename":"C:\\Users\\hisha\\POLYMTL\\HIVER 2024\\LOG3430\\TP\\requests\\src\\requests\\hooks.py"}},"d_a69a5051982637ba_models_py":{"hash":"07a7f6115ac77c242e82ba000484d9be","index":{"nums":[0,1,456,0,33,188,19,19],"html_filename":"d_a69a5051982637ba_models_py.html","relative_filename":"C:\\Users\\hisha\\POLYMTL\\HIVER 2024\\LOG3430\\TP\\requests\\src\\requests\\models.py"}},"d_a69a5051982637ba_packages_py":{"hash":"90af446bfe02fce746507448aa3999a6","index":{"nums":[0,1,17,0,0,10,0,0],"html_filename":"d_a69a5051982637ba_packages_py.html","relative_filename":"C:\\Users\\hisha\\POLYMTL\\HIVER 2024\\LOG3430\\TP\\requests\\src\\requests\\packages.py"}},"d_a69a5051982637ba_sessions_py":{"hash":"0cd54c10c8dd53cfe180577183dbb80c","index":{"nums":[0,1,268,0,11,100,4,4],"html_filename":"d_a69a5051982637ba_sessions_py.html","relative_filename":"C:\\Users\\hisha\\POLYMTL\\HIVER 2024\\LOG3430\\TP\\requests\\src\\requests\\sessions.py"}},"d_a69a5051982637ba_status_codes_py":{"hash":"b36673af9ba81c2c859caf3fb0610c50","index":{"nums":[0,1,14,0,0,10,0,0],"html_filename":"d_a69a5051982637ba_status_codes_py.html","relative_filename":"C:\\Users\\hisha\\POLYMTL\\HIVER 2024\\LOG3430\\TP\\requests\\src\\requests\\status_codes.py"}},"d_a69a5051982637ba_structures_py":{"hash":"92f3a51ac4a6b6cc6d8998d9f90578f8","index":{"nums":[0,1,39,0,0,8,0,0],"html_filename":"d_a69a5051982637ba_structures_py.html","relative_filename":"C:\\Users\\hisha\\POLYMTL\\HIVER 2024\\LOG3430\\TP\\requests\\src\\requests\\structures.py"}},"d_a69a5051982637ba_utils_py":{"hash":"45272d023d758fc9c6f4f6653626070b","index":{"nums":[0,1,483,0,66,220,12,36],"html_filename":"d_a69a5051982637ba_utils_py.html","relative_filename":"C:\\Users\\hisha\\POLYMTL\\HIVER 2024\\LOG3430\\TP\\requests\\src\\requests\\utils.py"}},"d_e0f816e6fd10b411___init___py":{"hash":"94fd09b9806d2d124b573aecd76ec6c4","index":{"nums":[0,1,6,0,1,0,0,0],"html_filename":"d_e0f816e6fd10b411___init___py.html","relative_filename":"C:\\Users\\hisha\\POLYMTL\\HIVER 2024\\LOG3430\\TP\\requests\\tests\\__init__.py"}},"d_e0f816e6fd10b411_compat_py":{"hash":"bebe25d173d9c6f3c4c508aba94d58b8","index":{"nums":[0,1,12,0,2,0,0,0],"html_filename":"d_e0f816e6fd10b411_compat_py.html","relative_filename":"C:\\Users\\hisha\\POLYMTL\\HIVER 2024\\LOG3430\\TP\\requests\\tests\\compat.py"}},"d_e0f816e6fd10b411_conftest_py":{"hash":"776f7d45d28b224283776459d6e686b2","index":{"nums":[0,1,37,0,18,0,0,0],"html_filename":"d_e0f816e6fd10b411_conftest_py.html","relative_filename":"C:\\Users\\hisha\\POLYMTL\\HIVER 2024\\LOG3430\\TP\\requests\\tests\\conftest.py"}},"d_e0f816e6fd10b411_test_help_py":{"hash":"20cbb236c5c8cbbdebe14e48a5985873","index":{"nums":[0,1,13,0,0,4,0,0],"html_filename":"d_e0f816e6fd10b411_test_help_py.html","relative_filename":"C:\\Users\\hisha\\POLYMTL\\HIVER 2024\\LOG3430\\TP\\requests\\tests\\test_help.py"}},"d_e0f816e6fd10b411_test_hooks_py":{"hash":"b0ecc6703b1c3f1ab9e19de20f57f7aa","index":{"nums":[0,1,9,0,0,2,0,0],"html_filename":"d_e0f816e6fd10b411_test_hooks_py.html","relative_filename":"C:\\Users\\hisha\\POLYMTL\\HIVER 2024\\LOG3430\\TP\\requests\\tests\\test_hooks.py"}},"d_e0f816e6fd10b411_test_lowlevel_py":{"hash":"50f7d7d3cec983872c7820ff95458491","index":{"nums":[0,1,227,0,0,44,0,0],"html_filename":"d_e0f816e6fd10b411_test_lowlevel_py.html","relative_filename":"C:\\Users\\hisha\\POLYMTL\\HIVER 2024\\LOG3430\\TP\\requests\\tests\\test_lowlevel.py"}},"d_e0f816e6fd10b411_test_packages_py":{"hash":"cb4161cb9326146e139a99087a5db87c","index":{"nums":[0,1,7,0,0,0,0,0],"html_filename":"d_e0f816e6fd10b411_test_packages_py.html","relative_filename":"C:\\Users\\hisha\\POLYMTL\\HIVER 2024\\LOG3430\\TP\\requests\\tests\\test_packages.py"}},"d_e0f816e6fd10b411_test_requests_py":{"hash":"fd996571b4ffe1e9d820b2dcacbeb6ca","index":{"nums":[0,1,1684,0,49,208,10,28],"html_filename":"d_e0f816e6fd10b411_test_requests_py.html","relative_filename":"C:\\Users\\hisha\\POLYMTL\\HIVER 2024\\LOG3430\\TP\\requests\\tests\\test_requests.py"}},"d_e0f816e6fd10b411_test_structures_py":{"hash":"13da571bcc4d1a5a4a035525d6748940","index":{"nums":[0,1,42,0,0,0,0,0],"html_filename":"d_e0f816e6fd10b411_test_structures_py.html","relative_filename":"C:\\Users\\hisha\\POLYMTL\\HIVER 2024\\LOG3430\\TP\\requests\\tests\\test_structures.py"}},"d_e0f816e6fd10b411_test_testserver_py":{"hash":"7ec24414e34aa0fb93663d4bc0041233","index":{"nums":[0,1,107,0,14,26,0,2],"html_filename":"d_e0f816e6fd10b411_test_testserver_py.html","relative_filename":"C:\\Users\\hisha\\POLYMTL\\HIVER 2024\\LOG3430\\TP\\requests\\tests\\test_testserver.py"}},"d_e0f816e6fd10b411_test_utils_py":{"hash":"171001e1b82a383ccd35c90b0f31dca2","index":{"nums":[0,1,309,0,5,34,4,6],"html_filename":"d_e0f816e6fd10b411_test_utils_py.html","relative_filename":"C:\\Users\\hisha\\POLYMTL\\HIVER 2024\\LOG3430\\TP\\requests\\tests\\test_utils.py"}},"d_9c1917f19801a3be___init___py":{"hash":"175e3bf678676fc912361fb3b5bc0240","index":{"nums":[0,1,0,0,0,0,0,0],"html_filename":"d_9c1917f19801a3be___init___py.html","relative_filename":"C:\\Users\\hisha\\POLYMTL\\HIVER 2024\\LOG3430\\TP\\requests\\tests\\testserver\\__init__.py"}},"d_9c1917f19801a3be_server_py":{"hash":"994ca40a12a888f152ec7d80a4d31098","index":{"nums":[0,1,87,0,4,18,2,2],"html_filename":"d_9c1917f19801a3be_server_py.html","relative_filename":"C:\\Users\\hisha\\POLYMTL\\HIVER 2024\\LOG3430\\TP\\requests\\tests\\testserver\\server.py"}},"d_e0f816e6fd10b411_utils_py":{"hash":"76693e17e1bb1a5a0153c5a864086219","index":{"nums":[0,1,13,0,1,4,1,1],"html_filename":"d_e0f816e6fd10b411_utils_py.html","relative_filename":"C:\\Users\\hisha\\POLYMTL\\HIVER 2024\\LOG3430\\TP\\requests\\tests\\utils.py"}}}}