{"note":"This file is an internal implementation detail to speed up HTML report generation. Its format can change at any time. You might be looking for the JSON report: https://coverage.rtfd.io/cmd.html#cmd-json","format":2,"version":"7.4.1","globals":"bdac9600d29571fe3b340648e6086c0e","files":{"d_7fbfa097eba81ef8__jb_pytest_runner_py":{"hash":"4b96676029bc0197461d54b523dd08a0","index":{"nums":[0,1,33,0,3,0,0,0],"html_filename":"d_7fbfa097eba81ef8__jb_pytest_runner_py.html","relative_filename":"C:\\Program Files\\JetBrains\\PyCharm 2022.2.3\\plugins\\python\\helpers\\pycharm\\_jb_pytest_runner.py"}},"d_7fbfa097eba81ef8__jb_runner_tools_py":{"hash":"97a39c8963a24ea7d30d285f19e47b28","index":{"nums":[0,1,173,0,48,0,0,0],"html_filename":"d_7fbfa097eba81ef8__jb_runner_tools_py.html","relative_filename":"C:\\Program Files\\JetBrains\\PyCharm 2022.2.3\\plugins\\python\\helpers\\pycharm\\_jb_runner_tools.py"}},"d_7fbfa097eba81ef8__jb_serial_tree_manager_py":{"hash":"9b00834be385da743fd97ae0c3dc04fd","index":{"nums":[0,1,57,0,8,0,0,0],"html_filename":"d_7fbfa097eba81ef8__jb_serial_tree_manager_py.html","relative_filename":"C:\\Program Files\\JetBrains\\PyCharm 2022.2.3\\plugins\\python\\helpers\\pycharm\\_jb_serial_tree_manager.py"}},"d_7fbfa097eba81ef8__jb_utils_py":{"hash":"39ffb50318b4c8bb818d2036b0137d0d","index":{"nums":[0,1,71,0,34,0,0,0],"html_filename":"d_7fbfa097eba81ef8__jb_utils_py.html","relative_filename":"C:\\Program Files\\JetBrains\\PyCharm 2022.2.3\\plugins\\python\\helpers\\pycharm\\_jb_utils.py"}},"d_d13a183625bedd83___init___py":{"hash":"269b68ba3afbbf0d5cefcce7be758e01","index":{"nums":[0,1,6,0,0,0,0,0],"html_filename":"d_d13a183625bedd83___init___py.html","relative_filename":"C:\\Program Files\\JetBrains\\PyCharm 2022.2.3\\plugins\\python\\helpers\\pycharm\\teamcity\\__init__.py"}},"d_d13a183625bedd83_common_py":{"hash":"0f48507a9235c2c515923625197cb8d1","index":{"nums":[0,1,98,0,69,0,0,0],"html_filename":"d_d13a183625bedd83_common_py.html","relative_filename":"C:\\Program Files\\JetBrains\\PyCharm 2022.2.3\\plugins\\python\\helpers\\pycharm\\teamcity\\common.py"}},"d_d13a183625bedd83_diff_tools_py":{"hash":"e314a4d5f61bc0be89edf2b14443c11f","index":{"nums":[0,1,62,0,36,0,0,0],"html_filename":"d_d13a183625bedd83_diff_tools_py.html","relative_filename":"C:\\Program Files\\JetBrains\\PyCharm 2022.2.3\\plugins\\python\\helpers\\pycharm\\teamcity\\diff_tools.py"}},"d_d13a183625bedd83_jb_local_exc_store_py":{"hash":"d0d32d8671482bd23666f8effaa8149d","index":{"nums":[0,1,11,0,3,0,0,0],"html_filename":"d_d13a183625bedd83_jb_local_exc_store_py.html","relative_filename":"C:\\Program Files\\JetBrains\\PyCharm 2022.2.3\\plugins\\python\\helpers\\pycharm\\teamcity\\jb_local_exc_store.py"}},"d_d13a183625bedd83_messages_py":{"hash":"61ddfda9f813eee4119ab016a6b1dc36","index":{"nums":[0,1,154,0,60,0,0,0],"html_filename":"d_d13a183625bedd83_messages_py.html","relative_filename":"C:\\Program Files\\JetBrains\\PyCharm 2022.2.3\\plugins\\python\\helpers\\pycharm\\teamcity\\messages.py"}},"d_d13a183625bedd83_pytest_plugin_py":{"hash":"0a02926f937ded8338d07acba1a3d0c2","index":{"nums":[0,1,294,0,132,0,0,0],"html_filename":"d_d13a183625bedd83_pytest_plugin_py.html","relative_filename":"C:\\Program Files\\JetBrains\\PyCharm 2022.2.3\\plugins\\python\\helpers\\pycharm\\teamcity\\pytest_plugin.py"}},"d_fd415d70e628eb22___init___py":{"hash":"a40f152762f9a3dd25fa398674f8549a","index":{"nums":[0,1,6,0,0,0,0,0],"html_filename":"d_fd415d70e628eb22___init___py.html","relative_filename":"C:\\Users\\hisha\\POLYMTL\\HIVER 2024\\LOG3430\\TP2\\ipinfo-master\\ipinfo-master\\ipinfo\\__init__.py"}},"d_fd415d70e628eb22_bogon_py":{"hash":"f6a3a744ffd35679764e816fb63022bf","index":{"nums":[0,1,7,0,1,0,0,0],"html_filename":"d_fd415d70e628eb22_bogon_py.html","relative_filename":"C:\\Users\\hisha\\POLYMTL\\HIVER 2024\\LOG3430\\TP2\\ipinfo-master\\ipinfo-master\\ipinfo\\bogon.py"}},"d_bcde60b2ee97489b___init___py":{"hash":"3c77fc9ef7f887ac2508d4109cf92472","index":{"nums":[0,1,0,0,0,0,0,0],"html_filename":"d_bcde60b2ee97489b___init___py.html","relative_filename":"C:\\Users\\hisha\\POLYMTL\\HIVER 2024\\LOG3430\\TP2\\ipinfo-master\\ipinfo-master\\ipinfo\\cache\\__init__.py"}},"d_bcde60b2ee97489b_default_py":{"hash":"9d958b76cce5b2564f0f877f07f650a6","index":{"nums":[0,1,13,0,1,0,0,0],"html_filename":"d_bcde60b2ee97489b_default_py.html","relative_filename":"C:\\Users\\hisha\\POLYMTL\\HIVER 2024\\LOG3430\\TP2\\ipinfo-master\\ipinfo-master\\ipinfo\\cache\\default.py"}},"d_bcde60b2ee97489b_interface_py":{"hash":"9d4dc0b83661a56627921615598984a3","index":{"nums":[0,1,14,0,4,0,0,0],"html_filename":"d_bcde60b2ee97489b_interface_py.html","relative_filename":"C:\\Users\\hisha\\POLYMTL\\HIVER 2024\\LOG3430\\TP2\\ipinfo-master\\ipinfo-master\\ipinfo\\cache\\interface.py"}},"d_fd415d70e628eb22_details_py":{"hash":"68f4bc87c20afdd2339e58fe0b491593","index":{"nums":[0,1,10,0,0,0,0,0],"html_filename":"d_fd415d70e628eb22_details_py.html","relative_filename":"C:\\Users\\hisha\\POLYMTL\\HIVER 2024\\LOG3430\\TP2\\ipinfo-master\\ipinfo-master\\ipinfo\\details.py"}},"d_fd415d70e628eb22_exceptions_py":{"hash":"0cd81a192b89142a7cc71302acb32f96","index":{"nums":[0,1,4,0,0,0,0,0],"html_filename":"d_fd415d70e628eb22_exceptions_py.html","relative_filename":"C:\\Users\\hisha\\POLYMTL\\HIVER 2024\\LOG3430\\TP2\\ipinfo-master\\ipinfo-master\\ipinfo\\exceptions.py"}},"d_fd415d70e628eb22_handler_py":{"hash":"7d819277b7d3d54fff85604f8fada642","index":{"nums":[0,1,115,0,76,0,0,0],"html_filename":"d_fd415d70e628eb22_handler_py.html","relative_filename":"C:\\Users\\hisha\\POLYMTL\\HIVER 2024\\LOG3430\\TP2\\ipinfo-master\\ipinfo-master\\ipinfo\\handler.py"}},"d_fd415d70e628eb22_handler_async_py":{"hash":"c1f1ed4537eb00f579cb0744b2772ea1","index":{"nums":[0,1,125,0,86,0,0,0],"html_filename":"d_fd415d70e628eb22_handler_async_py.html","relative_filename":"C:\\Users\\hisha\\POLYMTL\\HIVER 2024\\LOG3430\\TP2\\ipinfo-master\\ipinfo-master\\ipinfo\\handler_async.py"}},"d_fd415d70e628eb22_handler_utils_py":{"hash":"593fe8ff6cb8ff63ab652ecd693890ff","index":{"nums":[0,1,46,0,15,0,0,0],"html_filename":"d_fd415d70e628eb22_handler_utils_py.html","relative_filename":"C:\\Users\\hisha\\POLYMTL\\HIVER 2024\\LOG3430\\TP2\\ipinfo-master\\ipinfo-master\\ipinfo\\handler_utils.py"}},"d_fd415d70e628eb22_version_py":{"hash":"a18ff20bb84ea442cfbc22e77454d9c4","index":{"nums":[0,1,1,0,0,0,0,0],"html_filename":"d_fd415d70e628eb22_version_py.html","relative_filename":"C:\\Users\\hisha\\POLYMTL\\HIVER 2024\\LOG3430\\TP2\\ipinfo-master\\ipinfo-master\\ipinfo\\version.py"}},"d_fa82fb9621f6204a___init___py":{"hash":"3c77fc9ef7f887ac2508d4109cf92472","index":{"nums":[0,1,0,0,0,0,0,0],"html_filename":"d_fa82fb9621f6204a___init___py.html","relative_filename":"C:\\Users\\hisha\\POLYMTL\\HIVER 2024\\LOG3430\\TP2\\ipinfo-master\\ipinfo-master\\tests\\__init__.py"}},"d_fa82fb9621f6204a_default_cache_test_py":{"hash":"99c3278e8c297ed56758f7cd21e97a50","index":{"nums":[0,1,13,0,0,0,0,0],"html_filename":"d_fa82fb9621f6204a_default_cache_test_py.html","relative_filename":"C:\\Users\\hisha\\POLYMTL\\HIVER 2024\\LOG3430\\TP2\\ipinfo-master\\ipinfo-master\\tests\\default_cache_test.py"}},"d_fa82fb9621f6204a_details_test_py":{"hash":"1f4f1fd1c1e2b53d156e4e64e06b8821","index":{"nums":[0,1,19,0,0,0,0,0],"html_filename":"d_fa82fb9621f6204a_details_test_py.html","relative_filename":"C:\\Users\\hisha\\POLYMTL\\HIVER 2024\\LOG3430\\TP2\\ipinfo-master\\ipinfo-master\\tests\\details_test.py"}},"d_fa82fb9621f6204a_handler_async_test_py":{"hash":"95602ec09e9ae6a5fbc65a7e78c989d0","index":{"nums":[0,1,63,0,24,0,0,0],"html_filename":"d_fa82fb9621f6204a_handler_async_test_py.html","relative_filename":"C:\\Users\\hisha\\POLYMTL\\HIVER 2024\\LOG3430\\TP2\\ipinfo-master\\ipinfo-master\\tests\\handler_async_test.py"}},"d_fa82fb9621f6204a_handler_test_py":{"hash":"98fd92c72058405a597a4c038be44eb7","index":{"nums":[0,1,62,0,19,0,0,0],"html_filename":"d_fa82fb9621f6204a_handler_test_py.html","relative_filename":"C:\\Users\\hisha\\POLYMTL\\HIVER 2024\\LOG3430\\TP2\\ipinfo-master\\ipinfo-master\\tests\\handler_test.py"}},"d_fa82fb9621f6204a_init_test_py":{"hash":"b346c1bd371343219fd903855a8a6e40","index":{"nums":[0,1,9,0,0,0,0,0],"html_filename":"d_fa82fb9621f6204a_init_test_py.html","relative_filename":"C:\\Users\\hisha\\POLYMTL\\HIVER 2024\\LOG3430\\TP2\\ipinfo-master\\ipinfo-master\\tests\\init_test.py"}}}}