{"note":"This file is an internal implementation detail to speed up HTML report generation. Its format can change at any time. You might be looking for the JSON report: https://coverage.rtfd.io/cmd.html#cmd-json","format":2,"version":"7.4.1","globals":"47334fd641467176626a54d54f5ed4d6","files":{"d_10f9bf086819c89d___init___py":{"hash":"dc7bd2324806493438ac99d3c5227de6","index":{"nums":[0,1,68,0,25,12,5,7],"html_filename":"d_10f9bf086819c89d___init___py.html","relative_filename":"src\\requests\\__init__.py"}},"d_10f9bf086819c89d___version___py":{"hash":"ae64eb0e20347455a87a9a312c374cb2","index":{"nums":[0,1,10,0,0,0,0,0],"html_filename":"d_10f9bf086819c89d___version___py.html","relative_filename":"src\\requests\\__version__.py"}},"d_10f9bf086819c89d__internal_utils_py":{"hash":"ef873cd5481612fe2504d0dff3392ada","index":{"nums":[0,1,21,0,0,2,0,0],"html_filename":"d_10f9bf086819c89d__internal_utils_py.html","relative_filename":"src\\requests\\_internal_utils.py"}},"d_10f9bf086819c89d_adapters_py":{"hash":"dc59ecd33056c3a014a1d39d47c82e43","index":{"nums":[0,1,194,0,47,70,15,33],"html_filename":"d_10f9bf086819c89d_adapters_py.html","relative_filename":"src\\requests\\adapters.py"}},"d_10f9bf086819c89d_api_py":{"hash":"d1234f454d3fb1bfc69f741804763513","index":{"nums":[0,1,19,0,6,2,0,0],"html_filename":"d_10f9bf086819c89d_api_py.html","relative_filename":"src\\requests\\api.py"}},"d_10f9bf086819c89d_auth_py":{"hash":"20f01ff25b2d49273ffd7eeac6d3bf57","index":{"nums":[0,1,173,0,41,60,18,30],"html_filename":"d_10f9bf086819c89d_auth_py.html","relative_filename":"src\\requests\\auth.py"}},"d_10f9bf086819c89d_certs_py":{"hash":"38e552dd5c8302e47b722f6c94386def","index":{"nums":[0,1,4,0,1,2,1,1],"html_filename":"d_10f9bf086819c89d_certs_py.html","relative_filename":"src\\requests\\certs.py"}},"d_10f9bf086819c89d_compat_py":{"hash":"e6075a612eec9110a072ac63b55cc2d5","index":{"nums":[0,1,30,0,2,2,1,1],"html_filename":"d_10f9bf086819c89d_compat_py.html","relative_filename":"src\\requests\\compat.py"}},"d_10f9bf086819c89d_cookies_py":{"hash":"18a4e32ea7e32017a8f5b8042392b2e2","index":{"nums":[0,1,239,0,75,98,14,54],"html_filename":"d_10f9bf086819c89d_cookies_py.html","relative_filename":"src\\requests\\cookies.py"}},"d_10f9bf086819c89d_exceptions_py":{"hash":"d3ea5902fd57d17f294ac7fccb83e1e3","index":{"nums":[0,1,37,0,0,2,0,0],"html_filename":"d_10f9bf086819c89d_exceptions_py.html","relative_filename":"src\\requests\\exceptions.py"}},"d_10f9bf086819c89d_help_py":{"hash":"1d2de66707e86bdd032f71ab9db4e45b","index":{"nums":[0,1,62,0,19,18,5,13],"html_filename":"d_10f9bf086819c89d_help_py.html","relative_filename":"src\\requests\\help.py"}},"d_10f9bf086819c89d_hooks_py":{"hash":"bb40111e05fc59c11851777e3c199912","index":{"nums":[0,1,14,0,0,10,0,0],"html_filename":"d_10f9bf086819c89d_hooks_py.html","relative_filename":"src\\requests\\hooks.py"}},"d_10f9bf086819c89d_models_py":{"hash":"7c801fac516ce0c2d3d68b204a69b570","index":{"nums":[0,1,456,0,112,188,25,73],"html_filename":"d_10f9bf086819c89d_models_py.html","relative_filename":"src\\requests\\models.py"}},"d_10f9bf086819c89d_packages_py":{"hash":"90af446bfe02fce746507448aa3999a6","index":{"nums":[0,1,17,0,0,10,0,0],"html_filename":"d_10f9bf086819c89d_packages_py.html","relative_filename":"src\\requests\\packages.py"}},"d_10f9bf086819c89d_sessions_py":{"hash":"cea2c2ac2b53f840191e1592343cd114","index":{"nums":[0,1,268,0,29,100,15,21],"html_filename":"d_10f9bf086819c89d_sessions_py.html","relative_filename":"src\\requests\\sessions.py"}},"d_10f9bf086819c89d_status_codes_py":{"hash":"b36673af9ba81c2c859caf3fb0610c50","index":{"nums":[0,1,14,0,0,10,0,0],"html_filename":"d_10f9bf086819c89d_status_codes_py.html","relative_filename":"src\\requests\\status_codes.py"}},"d_10f9bf086819c89d_structures_py":{"hash":"92f3a51ac4a6b6cc6d8998d9f90578f8","index":{"nums":[0,1,39,0,0,8,0,0],"html_filename":"d_10f9bf086819c89d_structures_py.html","relative_filename":"src\\requests\\structures.py"}},"d_10f9bf086819c89d_utils_py":{"hash":"c723f86220db8cddb4517777b5440c2e","index":{"nums":[0,1,483,0,74,220,16,44],"html_filename":"d_10f9bf086819c89d_utils_py.html","relative_filename":"src\\requests\\utils.py"}}}}