{"note":"This file is an internal implementation detail to speed up HTML report generation. Its format can change at any time. You might be looking for the JSON report: https://coverage.rtfd.io/cmd.html#cmd-json","format":2,"version":"7.4.1","globals":"a42d4953576d7ca59f915a95e7dd7ae0","files":{"d_7fbfa097eba81ef8__jb_pytest_runner_py":{"hash":"4b96676029bc0197461d54b523dd08a0","index":{"nums":[0,1,33,0,3,0,0,0],"html_filename":"d_7fbfa097eba81ef8__jb_pytest_runner_py.html","relative_filename":"C:\\Program Files\\JetBrains\\PyCharm 2022.2.3\\plugins\\python\\helpers\\pycharm\\_jb_pytest_runner.py"}},"d_7fbfa097eba81ef8__jb_runner_tools_py":{"hash":"97a39c8963a24ea7d30d285f19e47b28","index":{"nums":[0,1,173,0,48,0,0,0],"html_filename":"d_7fbfa097eba81ef8__jb_runner_tools_py.html","relative_filename":"C:\\Program Files\\JetBrains\\PyCharm 2022.2.3\\plugins\\python\\helpers\\pycharm\\_jb_runner_tools.py"}},"d_7fbfa097eba81ef8__jb_serial_tree_manager_py":{"hash":"9b00834be385da743fd97ae0c3dc04fd","index":{"nums":[0,1,57,0,8,0,0,0],"html_filename":"d_7fbfa097eba81ef8__jb_serial_tree_manager_py.html","relative_filename":"C:\\Program Files\\JetBrains\\PyCharm 2022.2.3\\plugins\\python\\helpers\\pycharm\\_jb_serial_tree_manager.py"}},"d_7fbfa097eba81ef8__jb_utils_py":{"hash":"39ffb50318b4c8bb818d2036b0137d0d","index":{"nums":[0,1,71,0,34,0,0,0],"html_filename":"d_7fbfa097eba81ef8__jb_utils_py.html","relative_filename":"C:\\Program Files\\JetBrains\\PyCharm 2022.2.3\\plugins\\python\\helpers\\pycharm\\_jb_utils.py"}},"d_d13a183625bedd83___init___py":{"hash":"269b68ba3afbbf0d5cefcce7be758e01","index":{"nums":[0,1,6,0,0,0,0,0],"html_filename":"d_d13a183625bedd83___init___py.html","relative_filename":"C:\\Program Files\\JetBrains\\PyCharm 2022.2.3\\plugins\\python\\helpers\\pycharm\\teamcity\\__init__.py"}},"d_d13a183625bedd83_common_py":{"hash":"0f48507a9235c2c515923625197cb8d1","index":{"nums":[0,1,98,0,69,0,0,0],"html_filename":"d_d13a183625bedd83_common_py.html","relative_filename":"C:\\Program Files\\JetBrains\\PyCharm 2022.2.3\\plugins\\python\\helpers\\pycharm\\teamcity\\common.py"}},"d_d13a183625bedd83_diff_tools_py":{"hash":"e314a4d5f61bc0be89edf2b14443c11f","index":{"nums":[0,1,62,0,36,0,0,0],"html_filename":"d_d13a183625bedd83_diff_tools_py.html","relative_filename":"C:\\Program Files\\JetBrains\\PyCharm 2022.2.3\\plugins\\python\\helpers\\pycharm\\teamcity\\diff_tools.py"}},"d_d13a183625bedd83_jb_local_exc_store_py":{"hash":"d0d32d8671482bd23666f8effaa8149d","index":{"nums":[0,1,11,0,3,0,0,0],"html_filename":"d_d13a183625bedd83_jb_local_exc_store_py.html","relative_filename":"C:\\Program Files\\JetBrains\\PyCharm 2022.2.3\\plugins\\python\\helpers\\pycharm\\teamcity\\jb_local_exc_store.py"}},"d_d13a183625bedd83_messages_py":{"hash":"61ddfda9f813eee4119ab016a6b1dc36","index":{"nums":[0,1,154,0,60,0,0,0],"html_filename":"d_d13a183625bedd83_messages_py.html","relative_filename":"C:\\Program Files\\JetBrains\\PyCharm 2022.2.3\\plugins\\python\\helpers\\pycharm\\teamcity\\messages.py"}},"d_d13a183625bedd83_pytest_plugin_py":{"hash":"e39bc2aa97081ef1e2aec05745bad702","index":{"nums":[0,1,294,0,135,0,0,0],"html_filename":"d_d13a183625bedd83_pytest_plugin_py.html","relative_filename":"C:\\Program Files\\JetBrains\\PyCharm 2022.2.3\\plugins\\python\\helpers\\pycharm\\teamcity\\pytest_plugin.py"}},"d_a69a5051982637ba___init___py":{"hash":"a97e7601efa01ea65fb36c9c38034bfa","index":{"nums":[0,1,68,0,25,0,0,0],"html_filename":"d_a69a5051982637ba___init___py.html","relative_filename":"C:\\Users\\hisha\\POLYMTL\\HIVER 2024\\LOG3430\\TP\\requests\\src\\requests\\__init__.py"}},"d_a69a5051982637ba___version___py":{"hash":"fa4394be0158c686f956aaae15fcdec0","index":{"nums":[0,1,10,0,0,0,0,0],"html_filename":"d_a69a5051982637ba___version___py.html","relative_filename":"C:\\Users\\hisha\\POLYMTL\\HIVER 2024\\LOG3430\\TP\\requests\\src\\requests\\__version__.py"}},"d_a69a5051982637ba__internal_utils_py":{"hash":"59de1af407811856385ba20831657f96","index":{"nums":[0,1,21,0,0,0,0,0],"html_filename":"d_a69a5051982637ba__internal_utils_py.html","relative_filename":"C:\\Users\\hisha\\POLYMTL\\HIVER 2024\\LOG3430\\TP\\requests\\src\\requests\\_internal_utils.py"}},"d_a69a5051982637ba_adapters_py":{"hash":"12112a8dda5f4863d33b527afbe365b1","index":{"nums":[0,1,194,0,47,0,0,0],"html_filename":"d_a69a5051982637ba_adapters_py.html","relative_filename":"C:\\Users\\hisha\\POLYMTL\\HIVER 2024\\LOG3430\\TP\\requests\\src\\requests\\adapters.py"}},"d_a69a5051982637ba_api_py":{"hash":"6f8b3c133929d783b701ec9740785314","index":{"nums":[0,1,19,0,6,0,0,0],"html_filename":"d_a69a5051982637ba_api_py.html","relative_filename":"C:\\Users\\hisha\\POLYMTL\\HIVER 2024\\LOG3430\\TP\\requests\\src\\requests\\api.py"}},"d_a69a5051982637ba_auth_py":{"hash":"40a8272f7a43386bf3d3a7db203863e2","index":{"nums":[0,1,173,0,41,0,0,0],"html_filename":"d_a69a5051982637ba_auth_py.html","relative_filename":"C:\\Users\\hisha\\POLYMTL\\HIVER 2024\\LOG3430\\TP\\requests\\src\\requests\\auth.py"}},"d_a69a5051982637ba_certs_py":{"hash":"6fee9c56521c55ba02385a972a8458ee","index":{"nums":[0,1,4,0,1,0,0,0],"html_filename":"d_a69a5051982637ba_certs_py.html","relative_filename":"C:\\Users\\hisha\\POLYMTL\\HIVER 2024\\LOG3430\\TP\\requests\\src\\requests\\certs.py"}},"d_a69a5051982637ba_compat_py":{"hash":"e40cd978e3b3c5ea6ff3d2a0ee34fe59","index":{"nums":[0,1,30,0,2,0,0,0],"html_filename":"d_a69a5051982637ba_compat_py.html","relative_filename":"C:\\Users\\hisha\\POLYMTL\\HIVER 2024\\LOG3430\\TP\\requests\\src\\requests\\compat.py"}},"d_a69a5051982637ba_cookies_py":{"hash":"a0ceeb252319f513d106e19ac64a23dd","index":{"nums":[0,1,239,0,75,0,0,0],"html_filename":"d_a69a5051982637ba_cookies_py.html","relative_filename":"C:\\Users\\hisha\\POLYMTL\\HIVER 2024\\LOG3430\\TP\\requests\\src\\requests\\cookies.py"}},"d_a69a5051982637ba_exceptions_py":{"hash":"5d5b4b1049cb3941a574273a142e3393","index":{"nums":[0,1,37,0,0,0,0,0],"html_filename":"d_a69a5051982637ba_exceptions_py.html","relative_filename":"C:\\Users\\hisha\\POLYMTL\\HIVER 2024\\LOG3430\\TP\\requests\\src\\requests\\exceptions.py"}},"d_a69a5051982637ba_help_py":{"hash":"e97e982b38f66bcd72c48061bb7f8e5d","index":{"nums":[0,1,62,0,19,0,0,0],"html_filename":"d_a69a5051982637ba_help_py.html","relative_filename":"C:\\Users\\hisha\\POLYMTL\\HIVER 2024\\LOG3430\\TP\\requests\\src\\requests\\help.py"}},"d_a69a5051982637ba_hooks_py":{"hash":"5f090306c5df0128dedd78a947097cb5","index":{"nums":[0,1,14,0,0,0,0,0],"html_filename":"d_a69a5051982637ba_hooks_py.html","relative_filename":"C:\\Users\\hisha\\POLYMTL\\HIVER 2024\\LOG3430\\TP\\requests\\src\\requests\\hooks.py"}},"d_a69a5051982637ba_models_py":{"hash":"f7419ffcd7a2b8030eb38a3d96ad1395","index":{"nums":[0,1,456,0,112,0,0,0],"html_filename":"d_a69a5051982637ba_models_py.html","relative_filename":"C:\\Users\\hisha\\POLYMTL\\HIVER 2024\\LOG3430\\TP\\requests\\src\\requests\\models.py"}},"d_a69a5051982637ba_packages_py":{"hash":"62cf00bba122f8085369bd67a492fb97","index":{"nums":[0,1,17,0,0,0,0,0],"html_filename":"d_a69a5051982637ba_packages_py.html","relative_filename":"C:\\Users\\hisha\\POLYMTL\\HIVER 2024\\LOG3430\\TP\\requests\\src\\requests\\packages.py"}},"d_a69a5051982637ba_sessions_py":{"hash":"279f4784a3b401be7828239e8fa97e23","index":{"nums":[0,1,268,0,29,0,0,0],"html_filename":"d_a69a5051982637ba_sessions_py.html","relative_filename":"C:\\Users\\hisha\\POLYMTL\\HIVER 2024\\LOG3430\\TP\\requests\\src\\requests\\sessions.py"}},"d_a69a5051982637ba_status_codes_py":{"hash":"a7e92243072500e20c943d703ec710c0","index":{"nums":[0,1,14,0,0,0,0,0],"html_filename":"d_a69a5051982637ba_status_codes_py.html","relative_filename":"C:\\Users\\hisha\\POLYMTL\\HIVER 2024\\LOG3430\\TP\\requests\\src\\requests\\status_codes.py"}},"d_a69a5051982637ba_structures_py":{"hash":"9c61dbc8b65eb746197e553b74c2f1d1","index":{"nums":[0,1,39,0,0,0,0,0],"html_filename":"d_a69a5051982637ba_structures_py.html","relative_filename":"C:\\Users\\hisha\\POLYMTL\\HIVER 2024\\LOG3430\\TP\\requests\\src\\requests\\structures.py"}},"d_a69a5051982637ba_utils_py":{"hash":"3ff3225e4c1e67a25446576846b5f8dc","index":{"nums":[0,1,483,0,67,0,0,0],"html_filename":"d_a69a5051982637ba_utils_py.html","relative_filename":"C:\\Users\\hisha\\POLYMTL\\HIVER 2024\\LOG3430\\TP\\requests\\src\\requests\\utils.py"}},"d_e0f816e6fd10b411___init___py":{"hash":"a059751401cd939931b1cfc6489584a3","index":{"nums":[0,1,6,0,1,0,0,0],"html_filename":"d_e0f816e6fd10b411___init___py.html","relative_filename":"C:\\Users\\hisha\\POLYMTL\\HIVER 2024\\LOG3430\\TP\\requests\\tests\\__init__.py"}},"d_e0f816e6fd10b411_compat_py":{"hash":"ea51adaeca97bce17d8c64cab8bfa916","index":{"nums":[0,1,12,0,2,0,0,0],"html_filename":"d_e0f816e6fd10b411_compat_py.html","relative_filename":"C:\\Users\\hisha\\POLYMTL\\HIVER 2024\\LOG3430\\TP\\requests\\tests\\compat.py"}},"d_e0f816e6fd10b411_conftest_py":{"hash":"376128653faa11d9514b2b183f7b9846","index":{"nums":[0,1,37,0,24,0,0,0],"html_filename":"d_e0f816e6fd10b411_conftest_py.html","relative_filename":"C:\\Users\\hisha\\POLYMTL\\HIVER 2024\\LOG3430\\TP\\requests\\tests\\conftest.py"}},"d_e0f816e6fd10b411_test_help_py":{"hash":"767bdd42020bfcb1b1dce8cb00f37f6f","index":{"nums":[0,1,13,0,0,0,0,0],"html_filename":"d_e0f816e6fd10b411_test_help_py.html","relative_filename":"C:\\Users\\hisha\\POLYMTL\\HIVER 2024\\LOG3430\\TP\\requests\\tests\\test_help.py"}},"d_e0f816e6fd10b411_test_hooks_py":{"hash":"8c54e833f55d32dc8b1dff9eca5430fc","index":{"nums":[0,1,9,0,0,0,0,0],"html_filename":"d_e0f816e6fd10b411_test_hooks_py.html","relative_filename":"C:\\Users\\hisha\\POLYMTL\\HIVER 2024\\LOG3430\\TP\\requests\\tests\\test_hooks.py"}},"d_e0f816e6fd10b411_test_lowlevel_py":{"hash":"8a4d21a3cd0f799cd44b4b9aa9bf2b80","index":{"nums":[0,1,227,0,10,0,0,0],"html_filename":"d_e0f816e6fd10b411_test_lowlevel_py.html","relative_filename":"C:\\Users\\hisha\\POLYMTL\\HIVER 2024\\LOG3430\\TP\\requests\\tests\\test_lowlevel.py"}},"d_e0f816e6fd10b411_test_packages_py":{"hash":"8701b66a4d5c31b7cc9542951b1a3c8c","index":{"nums":[0,1,7,0,0,0,0,0],"html_filename":"d_e0f816e6fd10b411_test_packages_py.html","relative_filename":"C:\\Users\\hisha\\POLYMTL\\HIVER 2024\\LOG3430\\TP\\requests\\tests\\test_packages.py"}},"d_e0f816e6fd10b411_test_requests_py":{"hash":"61986f50506ce54dd63726f2f19dd5bc","index":{"nums":[0,1,1684,0,854,0,0,0],"html_filename":"d_e0f816e6fd10b411_test_requests_py.html","relative_filename":"C:\\Users\\hisha\\POLYMTL\\HIVER 2024\\LOG3430\\TP\\requests\\tests\\test_requests.py"}},"d_e0f816e6fd10b411_test_structures_py":{"hash":"2d4284199b1a3e98143f3b7bac3592cb","index":{"nums":[0,1,42,0,0,0,0,0],"html_filename":"d_e0f816e6fd10b411_test_structures_py.html","relative_filename":"C:\\Users\\hisha\\POLYMTL\\HIVER 2024\\LOG3430\\TP\\requests\\tests\\test_structures.py"}},"d_e0f816e6fd10b411_test_testserver_py":{"hash":"f0a942878ca497c1adc6ebd5f80ada2f","index":{"nums":[0,1,107,0,14,0,0,0],"html_filename":"d_e0f816e6fd10b411_test_testserver_py.html","relative_filename":"C:\\Users\\hisha\\POLYMTL\\HIVER 2024\\LOG3430\\TP\\requests\\tests\\test_testserver.py"}},"d_e0f816e6fd10b411_test_utils_py":{"hash":"eaa26df2345657f4d9f7f53a7409ab2b","index":{"nums":[0,1,309,0,5,0,0,0],"html_filename":"d_e0f816e6fd10b411_test_utils_py.html","relative_filename":"C:\\Users\\hisha\\POLYMTL\\HIVER 2024\\LOG3430\\TP\\requests\\tests\\test_utils.py"}},"d_9c1917f19801a3be___init___py":{"hash":"3c77fc9ef7f887ac2508d4109cf92472","index":{"nums":[0,1,0,0,0,0,0,0],"html_filename":"d_9c1917f19801a3be___init___py.html","relative_filename":"C:\\Users\\hisha\\POLYMTL\\HIVER 2024\\LOG3430\\TP\\requests\\tests\\testserver\\__init__.py"}},"d_9c1917f19801a3be_server_py":{"hash":"8ca2ecc3a0c83060af23f3de84c8572e","index":{"nums":[0,1,87,0,4,0,0,0],"html_filename":"d_9c1917f19801a3be_server_py.html","relative_filename":"C:\\Users\\hisha\\POLYMTL\\HIVER 2024\\LOG3430\\TP\\requests\\tests\\testserver\\server.py"}},"d_e0f816e6fd10b411_utils_py":{"hash":"976a0b500c5c0cdc591260dca3e1062e","index":{"nums":[0,1,13,0,1,0,0,0],"html_filename":"d_e0f816e6fd10b411_utils_py.html","relative_filename":"C:\\Users\\hisha\\POLYMTL\\HIVER 2024\\LOG3430\\TP\\requests\\tests\\utils.py"}}}}