{"note":"This file is an internal implementation detail to speed up HTML report generation. Its format can change at any time. You might be looking for the JSON report: https://coverage.rtfd.io/cmd.html#cmd-json","format":2,"version":"7.4.1","globals":"084a71a8c5a11b5964907c8216ea3b71","files":{"d_10f9bf086819c89d___init___py":{"hash":"a97e7601efa01ea65fb36c9c38034bfa","index":{"nums":[0,1,68,0,25,0,0,0],"html_filename":"d_10f9bf086819c89d___init___py.html","relative_filename":"src\\requests\\__init__.py"}},"d_10f9bf086819c89d___version___py":{"hash":"fa4394be0158c686f956aaae15fcdec0","index":{"nums":[0,1,10,0,0,0,0,0],"html_filename":"d_10f9bf086819c89d___version___py.html","relative_filename":"src\\requests\\__version__.py"}},"d_10f9bf086819c89d__internal_utils_py":{"hash":"59de1af407811856385ba20831657f96","index":{"nums":[0,1,21,0,0,0,0,0],"html_filename":"d_10f9bf086819c89d__internal_utils_py.html","relative_filename":"src\\requests\\_internal_utils.py"}},"d_10f9bf086819c89d_adapters_py":{"hash":"8cd10eb520f6f99884757607f6e24066","index":{"nums":[0,1,194,0,12,0,0,0],"html_filename":"d_10f9bf086819c89d_adapters_py.html","relative_filename":"src\\requests\\adapters.py"}},"d_10f9bf086819c89d_api_py":{"hash":"d84e5a2a3466ff9e2fbf767d85ab72cc","index":{"nums":[0,1,19,0,3,0,0,0],"html_filename":"d_10f9bf086819c89d_api_py.html","relative_filename":"src\\requests\\api.py"}},"d_10f9bf086819c89d_auth_py":{"hash":"bee96c85394ca8a8f635bfae29fe6def","index":{"nums":[0,1,173,0,21,0,0,0],"html_filename":"d_10f9bf086819c89d_auth_py.html","relative_filename":"src\\requests\\auth.py"}},"d_10f9bf086819c89d_certs_py":{"hash":"6fee9c56521c55ba02385a972a8458ee","index":{"nums":[0,1,4,0,1,0,0,0],"html_filename":"d_10f9bf086819c89d_certs_py.html","relative_filename":"src\\requests\\certs.py"}},"d_10f9bf086819c89d_cookies_py":{"hash":"371d65a5dc49307924e394aa28edc088","index":{"nums":[0,1,239,0,53,0,0,0],"html_filename":"d_10f9bf086819c89d_cookies_py.html","relative_filename":"src\\requests\\cookies.py"}},"d_10f9bf086819c89d_exceptions_py":{"hash":"5d5b4b1049cb3941a574273a142e3393","index":{"nums":[0,1,37,0,0,0,0,0],"html_filename":"d_10f9bf086819c89d_exceptions_py.html","relative_filename":"src\\requests\\exceptions.py"}},"d_10f9bf086819c89d_help_py":{"hash":"e97e982b38f66bcd72c48061bb7f8e5d","index":{"nums":[0,1,62,0,19,0,0,0],"html_filename":"d_10f9bf086819c89d_help_py.html","relative_filename":"src\\requests\\help.py"}},"d_10f9bf086819c89d_hooks_py":{"hash":"5f090306c5df0128dedd78a947097cb5","index":{"nums":[0,1,14,0,0,0,0,0],"html_filename":"d_10f9bf086819c89d_hooks_py.html","relative_filename":"src\\requests\\hooks.py"}},"d_10f9bf086819c89d_models_py":{"hash":"fabe17fc4d08b65c8b2d5860acafe50d","index":{"nums":[0,1,456,0,34,0,0,0],"html_filename":"d_10f9bf086819c89d_models_py.html","relative_filename":"src\\requests\\models.py"}},"d_10f9bf086819c89d_packages_py":{"hash":"62cf00bba122f8085369bd67a492fb97","index":{"nums":[0,1,17,0,0,0,0,0],"html_filename":"d_10f9bf086819c89d_packages_py.html","relative_filename":"src\\requests\\packages.py"}},"d_10f9bf086819c89d_sessions_py":{"hash":"249f6a98d799c0d3e3f2c636a906add0","index":{"nums":[0,1,268,0,11,0,0,0],"html_filename":"d_10f9bf086819c89d_sessions_py.html","relative_filename":"src\\requests\\sessions.py"}},"d_10f9bf086819c89d_status_codes_py":{"hash":"a7e92243072500e20c943d703ec710c0","index":{"nums":[0,1,14,0,0,0,0,0],"html_filename":"d_10f9bf086819c89d_status_codes_py.html","relative_filename":"src\\requests\\status_codes.py"}},"d_10f9bf086819c89d_structures_py":{"hash":"9c61dbc8b65eb746197e553b74c2f1d1","index":{"nums":[0,1,39,0,0,0,0,0],"html_filename":"d_10f9bf086819c89d_structures_py.html","relative_filename":"src\\requests\\structures.py"}},"d_10f9bf086819c89d_utils_py":{"hash":"2d566bb7f9d44636aed0128290bd4500","index":{"nums":[0,1,483,0,66,0,0,0],"html_filename":"d_10f9bf086819c89d_utils_py.html","relative_filename":"src\\requests\\utils.py"}},"d_a44f0ac069e85531___init___py":{"hash":"a059751401cd939931b1cfc6489584a3","index":{"nums":[0,1,6,0,1,0,0,0],"html_filename":"d_a44f0ac069e85531___init___py.html","relative_filename":"tests\\__init__.py"}},"d_a44f0ac069e85531_compat_py":{"hash":"ea51adaeca97bce17d8c64cab8bfa916","index":{"nums":[0,1,12,0,2,0,0,0],"html_filename":"d_a44f0ac069e85531_compat_py.html","relative_filename":"tests\\compat.py"}},"d_a44f0ac069e85531_conftest_py":{"hash":"43c43a7d17c7509775c9c4f3f5294229","index":{"nums":[0,1,37,0,18,0,0,0],"html_filename":"d_a44f0ac069e85531_conftest_py.html","relative_filename":"tests\\conftest.py"}},"d_a44f0ac069e85531_test_help_py":{"hash":"767bdd42020bfcb1b1dce8cb00f37f6f","index":{"nums":[0,1,13,0,0,0,0,0],"html_filename":"d_a44f0ac069e85531_test_help_py.html","relative_filename":"tests\\test_help.py"}},"d_a44f0ac069e85531_test_hooks_py":{"hash":"8c54e833f55d32dc8b1dff9eca5430fc","index":{"nums":[0,1,9,0,0,0,0,0],"html_filename":"d_a44f0ac069e85531_test_hooks_py.html","relative_filename":"tests\\test_hooks.py"}},"d_a44f0ac069e85531_test_lowlevel_py":{"hash":"7c8f54bc9d1ed3f3c8e821e9c7ff248a","index":{"nums":[0,1,227,0,0,0,0,0],"html_filename":"d_a44f0ac069e85531_test_lowlevel_py.html","relative_filename":"tests\\test_lowlevel.py"}},"d_a44f0ac069e85531_test_packages_py":{"hash":"8701b66a4d5c31b7cc9542951b1a3c8c","index":{"nums":[0,1,7,0,0,0,0,0],"html_filename":"d_a44f0ac069e85531_test_packages_py.html","relative_filename":"tests\\test_packages.py"}},"d_a44f0ac069e85531_test_requests_py":{"hash":"b1e1ecf6d671d62bcd146f04f4611fb0","index":{"nums":[0,1,1684,0,35,0,0,0],"html_filename":"d_a44f0ac069e85531_test_requests_py.html","relative_filename":"tests\\test_requests.py"}},"d_a44f0ac069e85531_test_structures_py":{"hash":"41d22630c2661be0961ace6844e0fd8b","index":{"nums":[0,1,42,0,0,0,0,0],"html_filename":"d_a44f0ac069e85531_test_structures_py.html","relative_filename":"tests\\test_structures.py"}},"d_a44f0ac069e85531_test_testserver_py":{"hash":"f0a942878ca497c1adc6ebd5f80ada2f","index":{"nums":[0,1,107,0,14,0,0,0],"html_filename":"d_a44f0ac069e85531_test_testserver_py.html","relative_filename":"tests\\test_testserver.py"}},"d_a44f0ac069e85531_test_utils_py":{"hash":"eaa26df2345657f4d9f7f53a7409ab2b","index":{"nums":[0,1,309,0,5,0,0,0],"html_filename":"d_a44f0ac069e85531_test_utils_py.html","relative_filename":"tests\\test_utils.py"}},"d_c4100225be53d75f___init___py":{"hash":"3c77fc9ef7f887ac2508d4109cf92472","index":{"nums":[0,1,0,0,0,0,0,0],"html_filename":"d_c4100225be53d75f___init___py.html","relative_filename":"tests\\testserver\\__init__.py"}},"d_c4100225be53d75f_server_py":{"hash":"8ca2ecc3a0c83060af23f3de84c8572e","index":{"nums":[0,1,87,0,4,0,0,0],"html_filename":"d_c4100225be53d75f_server_py.html","relative_filename":"tests\\testserver\\server.py"}},"d_a44f0ac069e85531_utils_py":{"hash":"976a0b500c5c0cdc591260dca3e1062e","index":{"nums":[0,1,13,0,1,0,0,0],"html_filename":"d_a44f0ac069e85531_utils_py.html","relative_filename":"tests\\utils.py"}}}}