{"note":"This file is an internal implementation detail to speed up HTML report generation. Its format can change at any time. You might be looking for the JSON report: https://coverage.rtfd.io/cmd.html#cmd-json","format":2,"version":"7.4.1","globals":"2900d264523a25e999958e6cf1b04137","files":{"d_10f9bf086819c89d___init___py":{"hash":"dc7bd2324806493438ac99d3c5227de6","index":{"nums":[0,1,68,0,25,12,5,7],"html_filename":"d_10f9bf086819c89d___init___py.html","relative_filename":"src\\requests\\__init__.py"}},"d_10f9bf086819c89d___version___py":{"hash":"ae64eb0e20347455a87a9a312c374cb2","index":{"nums":[0,1,10,0,0,0,0,0],"html_filename":"d_10f9bf086819c89d___version___py.html","relative_filename":"src\\requests\\__version__.py"}},"d_10f9bf086819c89d__internal_utils_py":{"hash":"ef873cd5481612fe2504d0dff3392ada","index":{"nums":[0,1,21,0,0,2,0,0],"html_filename":"d_10f9bf086819c89d__internal_utils_py.html","relative_filename":"src\\requests\\_internal_utils.py"}},"d_10f9bf086819c89d_adapters_py":{"hash":"2cf870cd471545ee09f606daedf2b294","index":{"nums":[0,1,194,0,12,70,7,7],"html_filename":"d_10f9bf086819c89d_adapters_py.html","relative_filename":"src\\requests\\adapters.py"}},"d_10f9bf086819c89d_api_py":{"hash":"7a1ed1892a652f0bae79ca292a752ca2","index":{"nums":[0,1,19,0,3,2,0,0],"html_filename":"d_10f9bf086819c89d_api_py.html","relative_filename":"src\\requests\\api.py"}},"d_10f9bf086819c89d_auth_py":{"hash":"609602279b1d663f44998762b5579625","index":{"nums":[0,1,173,0,21,60,15,17],"html_filename":"d_10f9bf086819c89d_auth_py.html","relative_filename":"src\\requests\\auth.py"}},"d_10f9bf086819c89d_certs_py":{"hash":"38e552dd5c8302e47b722f6c94386def","index":{"nums":[0,1,4,0,1,2,1,1],"html_filename":"d_10f9bf086819c89d_certs_py.html","relative_filename":"src\\requests\\certs.py"}},"d_10f9bf086819c89d_compat_py":{"hash":"e6075a612eec9110a072ac63b55cc2d5","index":{"nums":[0,1,30,0,2,2,1,1],"html_filename":"d_10f9bf086819c89d_compat_py.html","relative_filename":"src\\requests\\compat.py"}},"d_10f9bf086819c89d_cookies_py":{"hash":"48af1c48317fe4820b23b1ad1e6c1ec8","index":{"nums":[0,1,239,0,53,98,9,43],"html_filename":"d_10f9bf086819c89d_cookies_py.html","relative_filename":"src\\requests\\cookies.py"}},"d_10f9bf086819c89d_exceptions_py":{"hash":"d3ea5902fd57d17f294ac7fccb83e1e3","index":{"nums":[0,1,37,0,0,2,0,0],"html_filename":"d_10f9bf086819c89d_exceptions_py.html","relative_filename":"src\\requests\\exceptions.py"}},"d_10f9bf086819c89d_help_py":{"hash":"1d2de66707e86bdd032f71ab9db4e45b","index":{"nums":[0,1,62,0,19,18,5,13],"html_filename":"d_10f9bf086819c89d_help_py.html","relative_filename":"src\\requests\\help.py"}},"d_10f9bf086819c89d_hooks_py":{"hash":"bb40111e05fc59c11851777e3c199912","index":{"nums":[0,1,14,0,0,10,0,0],"html_filename":"d_10f9bf086819c89d_hooks_py.html","relative_filename":"src\\requests\\hooks.py"}},"d_10f9bf086819c89d_models_py":{"hash":"80c7604946b6e64d0b4777aab968a4d1","index":{"nums":[0,1,456,0,32,188,18,18],"html_filename":"d_10f9bf086819c89d_models_py.html","relative_filename":"src\\requests\\models.py"}},"d_10f9bf086819c89d_packages_py":{"hash":"90af446bfe02fce746507448aa3999a6","index":{"nums":[0,1,17,0,0,10,0,0],"html_filename":"d_10f9bf086819c89d_packages_py.html","relative_filename":"src\\requests\\packages.py"}},"d_10f9bf086819c89d_sessions_py":{"hash":"0cd54c10c8dd53cfe180577183dbb80c","index":{"nums":[0,1,268,0,11,100,4,4],"html_filename":"d_10f9bf086819c89d_sessions_py.html","relative_filename":"src\\requests\\sessions.py"}},"d_10f9bf086819c89d_status_codes_py":{"hash":"b36673af9ba81c2c859caf3fb0610c50","index":{"nums":[0,1,14,0,0,10,0,0],"html_filename":"d_10f9bf086819c89d_status_codes_py.html","relative_filename":"src\\requests\\status_codes.py"}},"d_10f9bf086819c89d_structures_py":{"hash":"92f3a51ac4a6b6cc6d8998d9f90578f8","index":{"nums":[0,1,39,0,0,8,0,0],"html_filename":"d_10f9bf086819c89d_structures_py.html","relative_filename":"src\\requests\\structures.py"}},"d_10f9bf086819c89d_utils_py":{"hash":"45272d023d758fc9c6f4f6653626070b","index":{"nums":[0,1,483,0,66,220,12,36],"html_filename":"d_10f9bf086819c89d_utils_py.html","relative_filename":"src\\requests\\utils.py"}},"d_a44f0ac069e85531___init___py":{"hash":"94fd09b9806d2d124b573aecd76ec6c4","index":{"nums":[0,1,6,0,1,0,0,0],"html_filename":"d_a44f0ac069e85531___init___py.html","relative_filename":"tests\\__init__.py"}},"d_a44f0ac069e85531_compat_py":{"hash":"bebe25d173d9c6f3c4c508aba94d58b8","index":{"nums":[0,1,12,0,2,0,0,0],"html_filename":"d_a44f0ac069e85531_compat_py.html","relative_filename":"tests\\compat.py"}},"d_a44f0ac069e85531_conftest_py":{"hash":"776f7d45d28b224283776459d6e686b2","index":{"nums":[0,1,37,0,18,0,0,0],"html_filename":"d_a44f0ac069e85531_conftest_py.html","relative_filename":"tests\\conftest.py"}},"d_a44f0ac069e85531_test_help_py":{"hash":"20cbb236c5c8cbbdebe14e48a5985873","index":{"nums":[0,1,13,0,0,4,0,0],"html_filename":"d_a44f0ac069e85531_test_help_py.html","relative_filename":"tests\\test_help.py"}},"d_a44f0ac069e85531_test_hooks_py":{"hash":"b0ecc6703b1c3f1ab9e19de20f57f7aa","index":{"nums":[0,1,9,0,0,2,0,0],"html_filename":"d_a44f0ac069e85531_test_hooks_py.html","relative_filename":"tests\\test_hooks.py"}},"d_a44f0ac069e85531_test_lowlevel_py":{"hash":"50f7d7d3cec983872c7820ff95458491","index":{"nums":[0,1,227,0,0,44,0,0],"html_filename":"d_a44f0ac069e85531_test_lowlevel_py.html","relative_filename":"tests\\test_lowlevel.py"}},"d_a44f0ac069e85531_test_packages_py":{"hash":"cb4161cb9326146e139a99087a5db87c","index":{"nums":[0,1,7,0,0,0,0,0],"html_filename":"d_a44f0ac069e85531_test_packages_py.html","relative_filename":"tests\\test_packages.py"}},"d_a44f0ac069e85531_test_requests_py":{"hash":"53474898c93be966d684c0f5a7c5bc31","index":{"nums":[0,1,1684,0,35,208,5,17],"html_filename":"d_a44f0ac069e85531_test_requests_py.html","relative_filename":"tests\\test_requests.py"}},"d_a44f0ac069e85531_test_structures_py":{"hash":"13da571bcc4d1a5a4a035525d6748940","index":{"nums":[0,1,42,0,0,0,0,0],"html_filename":"d_a44f0ac069e85531_test_structures_py.html","relative_filename":"tests\\test_structures.py"}},"d_a44f0ac069e85531_test_testserver_py":{"hash":"7ec24414e34aa0fb93663d4bc0041233","index":{"nums":[0,1,107,0,14,26,0,2],"html_filename":"d_a44f0ac069e85531_test_testserver_py.html","relative_filename":"tests\\test_testserver.py"}},"d_a44f0ac069e85531_test_utils_py":{"hash":"171001e1b82a383ccd35c90b0f31dca2","index":{"nums":[0,1,309,0,5,34,4,6],"html_filename":"d_a44f0ac069e85531_test_utils_py.html","relative_filename":"tests\\test_utils.py"}},"d_c4100225be53d75f___init___py":{"hash":"175e3bf678676fc912361fb3b5bc0240","index":{"nums":[0,1,0,0,0,0,0,0],"html_filename":"d_c4100225be53d75f___init___py.html","relative_filename":"tests\\testserver\\__init__.py"}},"d_c4100225be53d75f_server_py":{"hash":"994ca40a12a888f152ec7d80a4d31098","index":{"nums":[0,1,87,0,4,18,2,2],"html_filename":"d_c4100225be53d75f_server_py.html","relative_filename":"tests\\testserver\\server.py"}},"d_a44f0ac069e85531_utils_py":{"hash":"76693e17e1bb1a5a0153c5a864086219","index":{"nums":[0,1,13,0,1,4,1,1],"html_filename":"d_a44f0ac069e85531_utils_py.html","relative_filename":"tests\\utils.py"}}}}