{
  "AD": {"emoji": "🇦🇩","unicode": "U+1F1E6 U+1F1E9"},
  "AE": {"emoji": "🇦🇪","unicode": "U+1F1E6 U+1F1EA"},
  "AF": {"emoji": "🇦🇫","unicode": "U+1F1E6 U+1F1EB"},
  "AG": {"emoji": "🇦🇬","unicode": "U+1F1E6 U+1F1EC"},
  "AI": {"emoji": "🇦🇮","unicode": "U+1F1E6 U+1F1EE"},
  "AL": {"emoji": "🇦🇱","unicode": "U+1F1E6 U+1F1F1"},
  "AM": {"emoji": "🇦🇲","unicode": "U+1F1E6 U+1F1F2"},
  "AO": {"emoji": "🇦🇴","unicode": "U+1F1E6 U+1F1F4"},
  "AQ": {"emoji": "🇦🇶","unicode": "U+1F1E6 U+1F1F6"},
  "AR": {"emoji": "🇦🇷","unicode": "U+1F1E6 U+1F1F7"},
  "AS": {"emoji": "🇦🇸","unicode": "U+1F1E6 U+1F1F8"},
  "AT": {"emoji": "🇦🇹","unicode": "U+1F1E6 U+1F1F9"},
  "AU": {"emoji": "🇦🇺","unicode": "U+1F1E6 U+1F1FA"},
  "AW": {"emoji": "🇦🇼","unicode": "U+1F1E6 U+1F1FC"},
  "AX": {"emoji": "🇦🇽","unicode": "U+1F1E6 U+1F1FD"},
  "AZ": {"emoji": "🇦🇿","unicode": "U+1F1E6 U+1F1FF"},
  "BA": {"emoji": "🇧🇦","unicode": "U+1F1E7 U+1F1E6"},
  "BB": {"emoji": "🇧🇧","unicode": "U+1F1E7 U+1F1E7"},
  "BD": {"emoji": "🇧🇩","unicode": "U+1F1E7 U+1F1E9"},
  "BE": {"emoji": "🇧🇪","unicode": "U+1F1E7 U+1F1EA"},
  "BF": {"emoji": "🇧🇫","unicode": "U+1F1E7 U+1F1EB"},
  "BG": {"emoji": "🇧🇬","unicode": "U+1F1E7 U+1F1EC"},
  "BH": {"emoji": "🇧🇭","unicode": "U+1F1E7 U+1F1ED"},
  "BI": {"emoji": "🇧🇮","unicode": "U+1F1E7 U+1F1EE"},
  "BJ": {"emoji": "🇧🇯","unicode": "U+1F1E7 U+1F1EF"},
  "BL": {"emoji": "🇧🇱","unicode": "U+1F1E7 U+1F1F1"},
  "BM": {"emoji": "🇧🇲","unicode": "U+1F1E7 U+1F1F2"},
  "BN": {"emoji": "🇧🇳","unicode": "U+1F1E7 U+1F1F3"},
  "BO": {"emoji": "🇧🇴","unicode": "U+1F1E7 U+1F1F4"},
  "BQ": {"emoji": "🇧🇶","unicode": "U+1F1E7 U+1F1F6"},
  "BR": {"emoji": "🇧🇷","unicode": "U+1F1E7 U+1F1F7"},
  "BS": {"emoji": "🇧🇸","unicode": "U+1F1E7 U+1F1F8"},
  "BT": {"emoji": "🇧🇹","unicode": "U+1F1E7 U+1F1F9"},
  "BV": {"emoji": "🇧🇻","unicode": "U+1F1E7 U+1F1FB"},
  "BW": {"emoji": "🇧🇼","unicode": "U+1F1E7 U+1F1FC"},
  "BY": {"emoji": "🇧🇾","unicode": "U+1F1E7 U+1F1FE"},
  "BZ": {"emoji": "🇧🇿","unicode": "U+1F1E7 U+1F1FF"},
  "CA": {"emoji": "🇨🇦","unicode": "U+1F1E8 U+1F1E6"},
  "CC": {"emoji": "🇨🇨","unicode": "U+1F1E8 U+1F1E8"},
  "CD": {"emoji": "🇨🇩","unicode": "U+1F1E8 U+1F1E9"},
  "CF": {"emoji": "🇨🇫","unicode": "U+1F1E8 U+1F1EB"},
  "CG": {"emoji": "🇨🇬","unicode": "U+1F1E8 U+1F1EC"},
  "CH": {"emoji": "🇨🇭","unicode": "U+1F1E8 U+1F1ED"},
  "CI": {"emoji": "🇨🇮","unicode": "U+1F1E8 U+1F1EE"},
  "CK": {"emoji": "🇨🇰","unicode": "U+1F1E8 U+1F1F0"},
  "CL": {"emoji": "🇨🇱","unicode": "U+1F1E8 U+1F1F1"},
  "CM": {"emoji": "🇨🇲","unicode": "U+1F1E8 U+1F1F2"},
  "CN": {"emoji": "🇨🇳","unicode": "U+1F1E8 U+1F1F3"},
  "CO": {"emoji": "🇨🇴","unicode": "U+1F1E8 U+1F1F4"},
  "CR": {"emoji": "🇨🇷","unicode": "U+1F1E8 U+1F1F7"},
  "CU": {"emoji": "🇨🇺","unicode": "U+1F1E8 U+1F1FA"},
  "CV": {"emoji": "🇨🇻","unicode": "U+1F1E8 U+1F1FB"},
  "CW": {"emoji": "🇨🇼","unicode": "U+1F1E8 U+1F1FC"},
  "CX": {"emoji": "🇨🇽","unicode": "U+1F1E8 U+1F1FD"},
  "CY": {"emoji": "🇨🇾","unicode": "U+1F1E8 U+1F1FE"},
  "CZ": {"emoji": "🇨🇿","unicode": "U+1F1E8 U+1F1FF"},
  "DE": {"emoji": "🇩🇪","unicode": "U+1F1E9 U+1F1EA"},
  "DJ": {"emoji": "🇩🇯","unicode": "U+1F1E9 U+1F1EF"},
  "DK": {"emoji": "🇩🇰","unicode": "U+1F1E9 U+1F1F0"},
  "DM": {"emoji": "🇩🇲","unicode": "U+1F1E9 U+1F1F2"},
  "DO": {"emoji": "🇩🇴","unicode": "U+1F1E9 U+1F1F4"},
  "DZ": {"emoji": "🇩🇿","unicode": "U+1F1E9 U+1F1FF"},
  "EC": {"emoji": "🇪🇨","unicode": "U+1F1EA U+1F1E8"},
  "EE": {"emoji": "🇪🇪","unicode": "U+1F1EA U+1F1EA"},
  "EG": {"emoji": "🇪🇬","unicode": "U+1F1EA U+1F1EC"},
  "EH": {"emoji": "🇪🇭","unicode": "U+1F1EA U+1F1ED"},
  "ER": {"emoji": "🇪🇷","unicode": "U+1F1EA U+1F1F7"},
  "ES": {"emoji": "🇪🇸","unicode": "U+1F1EA U+1F1F8"},
  "ET": {"emoji": "🇪🇹","unicode": "U+1F1EA U+1F1F9"},
  "FI": {"emoji": "🇫🇮","unicode": "U+1F1EB U+1F1EE"},
  "FJ": {"emoji": "🇫🇯","unicode": "U+1F1EB U+1F1EF"},
  "FK": {"emoji": "🇫🇰","unicode": "U+1F1EB U+1F1F0"},
  "FM": {"emoji": "🇫🇲","unicode": "U+1F1EB U+1F1F2"},
  "FO": {"emoji": "🇫🇴","unicode": "U+1F1EB U+1F1F4"},
  "FR": {"emoji": "🇫🇷","unicode": "U+1F1EB U+1F1F7"},
  "GA": {"emoji": "🇬🇦","unicode": "U+1F1EC U+1F1E6"},
  "GB": {"emoji": "🇬🇧","unicode": "U+1F1EC U+1F1E7"},
  "GD": {"emoji": "🇬🇩","unicode": "U+1F1EC U+1F1E9"},
  "GE": {"emoji": "🇬🇪","unicode": "U+1F1EC U+1F1EA"},
  "GF": {"emoji": "🇬🇫","unicode": "U+1F1EC U+1F1EB"},
  "GG": {"emoji": "🇬🇬","unicode": "U+1F1EC U+1F1EC"},
  "GH": {"emoji": "🇬🇭","unicode": "U+1F1EC U+1F1ED"},
  "GI": {"emoji": "🇬🇮","unicode": "U+1F1EC U+1F1EE"},
  "GL": {"emoji": "🇬🇱","unicode": "U+1F1EC U+1F1F1"},
  "GM": {"emoji": "🇬🇲","unicode": "U+1F1EC U+1F1F2"},
  "GN": {"emoji": "🇬🇳","unicode": "U+1F1EC U+1F1F3"},
  "GP": {"emoji": "🇬🇵","unicode": "U+1F1EC U+1F1F5"},
  "GQ": {"emoji": "🇬🇶","unicode": "U+1F1EC U+1F1F6"},
  "GR": {"emoji": "🇬🇷","unicode": "U+1F1EC U+1F1F7"},
  "GS": {"emoji": "🇬🇸","unicode": "U+1F1EC U+1F1F8"},
  "GT": {"emoji": "🇬🇹","unicode": "U+1F1EC U+1F1F9"},
  "GU": {"emoji": "🇬🇺","unicode": "U+1F1EC U+1F1FA"},
  "GW": {"emoji": "🇬🇼","unicode": "U+1F1EC U+1F1FC"},
  "GY": {"emoji": "🇬🇾","unicode": "U+1F1EC U+1F1FE"},
  "HK": {"emoji": "🇭🇰","unicode": "U+1F1ED U+1F1F0"},
  "HM": {"emoji": "🇭🇲","unicode": "U+1F1ED U+1F1F2"},
  "HN": {"emoji": "🇭🇳","unicode": "U+1F1ED U+1F1F3"},
  "HR": {"emoji": "🇭🇷","unicode": "U+1F1ED U+1F1F7"},
  "HT": {"emoji": "🇭🇹","unicode": "U+1F1ED U+1F1F9"},
  "HU": {"emoji": "🇭🇺","unicode": "U+1F1ED U+1F1FA"},
  "ID": {"emoji": "🇮🇩","unicode": "U+1F1EE U+1F1E9"},
  "IE": {"emoji": "🇮🇪","unicode": "U+1F1EE U+1F1EA"},
  "IL": {"emoji": "🇮🇱","unicode": "U+1F1EE U+1F1F1"},
  "IM": {"emoji": "🇮🇲","unicode": "U+1F1EE U+1F1F2"},
  "IN": {"emoji": "🇮🇳","unicode": "U+1F1EE U+1F1F3"},
  "IO": {"emoji": "🇮🇴","unicode": "U+1F1EE U+1F1F4"},
  "IQ": {"emoji": "🇮🇶","unicode": "U+1F1EE U+1F1F6"},
  "IR": {"emoji": "🇮🇷","unicode": "U+1F1EE U+1F1F7"},
  "IS": {"emoji": "🇮🇸","unicode": "U+1F1EE U+1F1F8"},
  "IT": {"emoji": "🇮🇹","unicode": "U+1F1EE U+1F1F9"},
  "JE": {"emoji": "🇯🇪","unicode": "U+1F1EF U+1F1EA"},
  "JM": {"emoji": "🇯🇲","unicode": "U+1F1EF U+1F1F2"},
  "JO": {"emoji": "🇯🇴","unicode": "U+1F1EF U+1F1F4"},
  "JP": {"emoji": "🇯🇵","unicode": "U+1F1EF U+1F1F5"},
  "KE": {"emoji": "🇰🇪","unicode": "U+1F1F0 U+1F1EA"},
  "KG": {"emoji": "🇰🇬","unicode": "U+1F1F0 U+1F1EC"},
  "KH": {"emoji": "🇰🇭","unicode": "U+1F1F0 U+1F1ED"},
  "KI": {"emoji": "🇰🇮","unicode": "U+1F1F0 U+1F1EE"},
  "KM": {"emoji": "🇰🇲","unicode": "U+1F1F0 U+1F1F2"},
  "KN": {"emoji": "🇰🇳","unicode": "U+1F1F0 U+1F1F3"},
  "KP": {"emoji": "🇰🇵","unicode": "U+1F1F0 U+1F1F5"},
  "KR": {"emoji": "🇰🇷","unicode": "U+1F1F0 U+1F1F7"},
  "KW": {"emoji": "🇰🇼","unicode": "U+1F1F0 U+1F1FC"},
  "KY": {"emoji": "🇰🇾","unicode": "U+1F1F0 U+1F1FE"},
  "KZ": {"emoji": "🇰🇿","unicode": "U+1F1F0 U+1F1FF"},
  "LA": {"emoji": "🇱🇦","unicode": "U+1F1F1 U+1F1E6"},
  "LB": {"emoji": "🇱🇧","unicode": "U+1F1F1 U+1F1E7"},
  "LC": {"emoji": "🇱🇨","unicode": "U+1F1F1 U+1F1E8"},
  "LI": {"emoji": "🇱🇮","unicode": "U+1F1F1 U+1F1EE"},
  "LK": {"emoji": "🇱🇰","unicode": "U+1F1F1 U+1F1F0"},
  "LR": {"emoji": "🇱🇷","unicode": "U+1F1F1 U+1F1F7"},
  "LS": {"emoji": "🇱🇸","unicode": "U+1F1F1 U+1F1F8"},
  "LT": {"emoji": "🇱🇹","unicode": "U+1F1F1 U+1F1F9"},
  "LU": {"emoji": "🇱🇺","unicode": "U+1F1F1 U+1F1FA"},
  "LV": {"emoji": "🇱🇻","unicode": "U+1F1F1 U+1F1FB"},
  "LY": {"emoji": "🇱🇾","unicode": "U+1F1F1 U+1F1FE"},
  "MA": {"emoji": "🇲🇦","unicode": "U+1F1F2 U+1F1E6"},
  "MC": {"emoji": "🇲🇨","unicode": "U+1F1F2 U+1F1E8"},
  "MD": {"emoji": "🇲🇩","unicode": "U+1F1F2 U+1F1E9"},
  "ME": {"emoji": "🇲🇪","unicode": "U+1F1F2 U+1F1EA"},
  "MF": {"emoji": "🇲🇫","unicode": "U+1F1F2 U+1F1EB"},
  "MG": {"emoji": "🇲🇬","unicode": "U+1F1F2 U+1F1EC"},
  "MH": {"emoji": "🇲🇭","unicode": "U+1F1F2 U+1F1ED"},
  "MK": {"emoji": "🇲🇰","unicode": "U+1F1F2 U+1F1F0"},
  "ML": {"emoji": "🇲🇱","unicode": "U+1F1F2 U+1F1F1"},
  "MM": {"emoji": "🇲🇲","unicode": "U+1F1F2 U+1F1F2"},
  "MN": {"emoji": "🇲🇳","unicode": "U+1F1F2 U+1F1F3"},
  "MO": {"emoji": "🇲🇴","unicode": "U+1F1F2 U+1F1F4"},
  "MP": {"emoji": "🇲🇵","unicode": "U+1F1F2 U+1F1F5"},
  "MQ": {"emoji": "🇲🇶","unicode": "U+1F1F2 U+1F1F6"},
  "MR": {"emoji": "🇲🇷","unicode": "U+1F1F2 U+1F1F7"},
  "MS": {"emoji": "🇲🇸","unicode": "U+1F1F2 U+1F1F8"},
  "MT": {"emoji": "🇲🇹","unicode": "U+1F1F2 U+1F1F9"},
  "MU": {"emoji": "🇲🇺","unicode": "U+1F1F2 U+1F1FA"},
  "MV": {"emoji": "🇲🇻","unicode": "U+1F1F2 U+1F1FB"},
  "MW": {"emoji": "🇲🇼","unicode": "U+1F1F2 U+1F1FC"},
  "MX": {"emoji": "🇲🇽","unicode": "U+1F1F2 U+1F1FD"},
  "MY": {"emoji": "🇲🇾","unicode": "U+1F1F2 U+1F1FE"},
  "MZ": {"emoji": "🇲🇿","unicode": "U+1F1F2 U+1F1FF"},
  "NA": {"emoji": "🇳🇦","unicode": "U+1F1F3 U+1F1E6"},
  "NC": {"emoji": "🇳🇨","unicode": "U+1F1F3 U+1F1E8"},
  "NE": {"emoji": "🇳🇪","unicode": "U+1F1F3 U+1F1EA"},
  "NF": {"emoji": "🇳🇫","unicode": "U+1F1F3 U+1F1EB"},
  "NG": {"emoji": "🇳🇬","unicode": "U+1F1F3 U+1F1EC"},
  "NI": {"emoji": "🇳🇮","unicode": "U+1F1F3 U+1F1EE"},
  "NL": {"emoji": "🇳🇱","unicode": "U+1F1F3 U+1F1F1"},
  "NO": {"emoji": "🇳🇴","unicode": "U+1F1F3 U+1F1F4"},
  "NP": {"emoji": "🇳🇵","unicode": "U+1F1F3 U+1F1F5"},
  "NR": {"emoji": "🇳🇷","unicode": "U+1F1F3 U+1F1F7"},
  "NU": {"emoji": "🇳🇺","unicode": "U+1F1F3 U+1F1FA"},
  "NZ": {"emoji": "🇳🇿","unicode": "U+1F1F3 U+1F1FF"},
  "OM": {"emoji": "🇴🇲","unicode": "U+1F1F4 U+1F1F2"},
  "PA": {"emoji": "🇵🇦","unicode": "U+1F1F5 U+1F1E6"},
  "PE": {"emoji": "🇵🇪","unicode": "U+1F1F5 U+1F1EA"},
  "PF": {"emoji": "🇵🇫","unicode": "U+1F1F5 U+1F1EB"},
  "PG": {"emoji": "🇵🇬","unicode": "U+1F1F5 U+1F1EC"},
  "PH": {"emoji": "🇵🇭","unicode": "U+1F1F5 U+1F1ED"},
  "PK": {"emoji": "🇵🇰","unicode": "U+1F1F5 U+1F1F0"},
  "PL": {"emoji": "🇵🇱","unicode": "U+1F1F5 U+1F1F1"},
  "PM": {"emoji": "🇵🇲","unicode": "U+1F1F5 U+1F1F2"},
  "PN": {"emoji": "🇵🇳","unicode": "U+1F1F5 U+1F1F3"},
  "PR": {"emoji": "🇵🇷","unicode": "U+1F1F5 U+1F1F7"},
  "PS": {"emoji": "🇵🇸","unicode": "U+1F1F5 U+1F1F8"},
  "PT": {"emoji": "🇵🇹","unicode": "U+1F1F5 U+1F1F9"},
  "PW": {"emoji": "🇵🇼","unicode": "U+1F1F5 U+1F1FC"},
  "PY": {"emoji": "🇵🇾","unicode": "U+1F1F5 U+1F1FE"},
  "QA": {"emoji": "🇶🇦","unicode": "U+1F1F6 U+1F1E6"},
  "RE": {"emoji": "🇷🇪","unicode": "U+1F1F7 U+1F1EA"},
  "RO": {"emoji": "🇷🇴","unicode": "U+1F1F7 U+1F1F4"},
  "RS": {"emoji": "🇷🇸","unicode": "U+1F1F7 U+1F1F8"},
  "RU": {"emoji": "🇷🇺","unicode": "U+1F1F7 U+1F1FA"},
  "RW": {"emoji": "🇷🇼","unicode": "U+1F1F7 U+1F1FC"},
  "SA": {"emoji": "🇸🇦","unicode": "U+1F1F8 U+1F1E6"},
  "SB": {"emoji": "🇸🇧","unicode": "U+1F1F8 U+1F1E7"},
  "SC": {"emoji": "🇸🇨","unicode": "U+1F1F8 U+1F1E8"},
  "SD": {"emoji": "🇸🇩","unicode": "U+1F1F8 U+1F1E9"},
  "SE": {"emoji": "🇸🇪","unicode": "U+1F1F8 U+1F1EA"},
  "SG": {"emoji": "🇸🇬","unicode": "U+1F1F8 U+1F1EC"},
  "SH": {"emoji": "🇸🇭","unicode": "U+1F1F8 U+1F1ED"},
  "SI": {"emoji": "🇸🇮","unicode": "U+1F1F8 U+1F1EE"},
  "SJ": {"emoji": "🇸🇯","unicode": "U+1F1F8 U+1F1EF"},
  "SK": {"emoji": "🇸🇰","unicode": "U+1F1F8 U+1F1F0"},
  "SL": {"emoji": "🇸🇱","unicode": "U+1F1F8 U+1F1F1"},
  "SM": {"emoji": "🇸🇲","unicode": "U+1F1F8 U+1F1F2"},
  "SN": {"emoji": "🇸🇳","unicode": "U+1F1F8 U+1F1F3"},
  "SO": {"emoji": "🇸🇴","unicode": "U+1F1F8 U+1F1F4"},
  "SR": {"emoji": "🇸🇷","unicode": "U+1F1F8 U+1F1F7"},
  "SS": {"emoji": "🇸🇸","unicode": "U+1F1F8 U+1F1F8"},
  "ST": {"emoji": "🇸🇹","unicode": "U+1F1F8 U+1F1F9"},
  "SV": {"emoji": "🇸🇻","unicode": "U+1F1F8 U+1F1FB"},
  "SX": {"emoji": "🇸🇽","unicode": "U+1F1F8 U+1F1FD"},
  "SY": {"emoji": "🇸🇾","unicode": "U+1F1F8 U+1F1FE"},
  "SZ": {"emoji": "🇸🇿","unicode": "U+1F1F8 U+1F1FF"},
  "TC": {"emoji": "🇹🇨","unicode": "U+1F1F9 U+1F1E8"},
  "TD": {"emoji": "🇹🇩","unicode": "U+1F1F9 U+1F1E9"},
  "TF": {"emoji": "🇹🇫","unicode": "U+1F1F9 U+1F1EB"},
  "TG": {"emoji": "🇹🇬","unicode": "U+1F1F9 U+1F1EC"},
  "TH": {"emoji": "🇹🇭","unicode": "U+1F1F9 U+1F1ED"},
  "TJ": {"emoji": "🇹🇯","unicode": "U+1F1F9 U+1F1EF"},
  "TK": {"emoji": "🇹🇰","unicode": "U+1F1F9 U+1F1F0"},
  "TL": {"emoji": "🇹🇱","unicode": "U+1F1F9 U+1F1F1"},
  "TM": {"emoji": "🇹🇲","unicode": "U+1F1F9 U+1F1F2"},
  "TN": {"emoji": "🇹🇳","unicode": "U+1F1F9 U+1F1F3"},
  "TO": {"emoji": "🇹🇴","unicode": "U+1F1F9 U+1F1F4"},
  "TR": {"emoji": "🇹🇷","unicode": "U+1F1F9 U+1F1F7"},
  "TT": {"emoji": "🇹🇹","unicode": "U+1F1F9 U+1F1F9"},
  "TV": {"emoji": "🇹🇻","unicode": "U+1F1F9 U+1F1FB"},
  "TW": {"emoji": "🇹🇼","unicode": "U+1F1F9 U+1F1FC"},
  "TZ": {"emoji": "🇹🇿","unicode": "U+1F1F9 U+1F1FF"},
  "UA": {"emoji": "🇺🇦","unicode": "U+1F1FA U+1F1E6"},
  "UG": {"emoji": "🇺🇬","unicode": "U+1F1FA U+1F1EC"},
  "UM": {"emoji": "🇺🇲","unicode": "U+1F1FA U+1F1F2"},
  "US": {"emoji": "🇺🇸","unicode": "U+1F1FA U+1F1F8"},
  "UY": {"emoji": "🇺🇾","unicode": "U+1F1FA U+1F1FE"},
  "UZ": {"emoji": "🇺🇿","unicode": "U+1F1FA U+1F1FF"},
  "VA": {"emoji": "🇻🇦","unicode": "U+1F1FB U+1F1E6"},
  "VC": {"emoji": "🇻🇨","unicode": "U+1F1FB U+1F1E8"},
  "VE": {"emoji": "🇻🇪","unicode": "U+1F1FB U+1F1EA"},
  "VG": {"emoji": "🇻🇬","unicode": "U+1F1FB U+1F1EC"},
  "VI": {"emoji": "🇻🇮","unicode": "U+1F1FB U+1F1EE"},
  "VN": {"emoji": "🇻🇳","unicode": "U+1F1FB U+1F1F3"},
  "VU": {"emoji": "🇻🇺","unicode": "U+1F1FB U+1F1FA"},
  "WF": {"emoji": "🇼🇫","unicode": "U+1F1FC U+1F1EB"},
  "WS": {"emoji": "🇼🇸","unicode": "U+1F1FC U+1F1F8"},
  "XK": {"emoji": "🇽🇰","unicode": "U+1F1FD U+1F1F0"},
  "YE": {"emoji": "🇾🇪","unicode": "U+1F1FE U+1F1EA"},
  "YT": {"emoji": "🇾🇹","unicode": "U+1F1FE U+1F1F9"},
  "ZA": {"emoji": "🇿🇦","unicode": "U+1F1FF U+1F1E6"},
  "ZM": {"emoji": "🇿🇲","unicode": "U+1F1FF U+1F1F2"},
  "ZW": {"emoji": "🇿🇼","unicode": "U+1F1FF U+1F1FC"}
}
